UniqueID,TrackID,Timestamp,Geopos,Accdata
4,1,1569758267.642662,"[55.607001931401165, 37.25257591770317]","[0.6020579270976989, 1.7783427644385241, 1.762120144649076]"
1,1,1569758267.642662,"[55.608055172317215, 37.25561215863258]","[2.366494155964851, 1.3731235764628764, 0.25026172450078565]"
1,1,1569758267.642662,"[55.61226410842768, 37.26774551187693]","[15.781583540436024, 0.5029108055408964, 1.867053809948727]"
1,1,1569758267.642662,"[55.61997313818305, 37.289968795560995]","[17.446525734513454, 1.024716015130731, 1.7982637466758509]"
3,1,1569758267.6436632,"[55.523375997311945, 37.01150240837079]","[4.283167370295402, 1.2006701767357786, 0.8865708306160172]"
5,1,1569758267.6436632,"[55.587224347033825, 37.19556188585427]","[7.298822257482045, 1.2051475564441583, 1.5545695259926344]"
2,1,1569758267.6436632,"[55.561340185721086, 37.12094405740642]","[3.8759018356742247, 1.1785012437062317, 1.7578413258700547]"
5,1,1569758267.6436632,"[55.65701363234681, 37.39674765564534]","[8.912791140779607, 0.1012739046465394, 0.6920666728226379]"
4,1,1569758267.6436632,"[55.62546432738142, 37.30579857689607]","[5.189973821697135, 1.241513277616008, 0.45912831549192634]"
3,1,1569758267.6436632,"[55.615731425867295, 37.27774095638056]","[16.088752075182445, 0.45218445508289506, 0.35350384689780734]"
1,1,1569758267.6436632,"[55.51829725008066, 36.99686159830089]","[15.9870714531068, 1.7832660866852845, 0.1857008721608906]"
4,1,1569758267.6436632,"[55.60400663734372, 37.243941203393454]","[2.9536143562261086, 1.1284456783412287, 0.004782166740945559]"
2,1,1569758267.6436632,"[55.64453211331141, 37.3607664301045]","[5.420537623375592, 0.7738696369320333, 0.21865879764039708]"
3,1,1569758267.6436632,"[55.635891928516024, 37.33585884978667]","[3.3267944057802112, 1.9071646284044383, 1.4447650504119756]"
2,1,1569758267.6436632,"[55.54310712881427, 37.06838252775288]","[6.979561788967031, 0.47970713913967655, 1.6655220818361982]"
2,1,1569758267.6436632,"[55.62817529698931, 37.31361365201673]","[6.202027090538966, 1.7999939441984605, 0.37254621191435366]"
2,1,1569758267.6436632,"[55.55554480303289, 37.10423735920485]","[14.774182738462132, 0.9442555285721741, 1.802502483965087]"
2,1,1569758267.6436632,"[55.583590426885884, 37.185086165705215]","[1.3649865620142654, 1.9239834797929758, 0.7211368740868596]"
4,1,1569758267.6436632,"[55.648884517273075, 37.3733133667496]","[4.366781578947425, 1.156622160950421, 1.9978351951604858]"
1,1,1569758267.6436632,"[55.62140144547367, 37.29408626288442]","[5.591050629865566, 0.5704273107216249, 0.8015570086469253]"
2,1,1569758267.6436632,"[55.57114708380416, 37.14921499228038]","[19.85388464108284, 0.08925457318350749, 0.17449370409274323]"
1,1,1569758267.6446626,"[55.64091302652153, 37.35033347096951]","[17.04703755044112, 1.1885057458736301, 0.8074742530396655]"
1,1,1569758267.6446626,"[55.558322057576774, 37.11224351789832]","[0.5969620668632825, 1.1410846424364538, 1.5179818974199815]"
1,1,1569758267.6446626,"[55.64425462011351, 37.359966483772375]","[14.548237896036165, 1.095767692560147, 1.6647074921883176]"
2,1,1569758267.6446626,"[55.56441877811488, 37.129818900841116]","[17.646351539431848, 0.22067353065098794, 0.2942691466911067]"
3,1,1569758267.6446626,"[55.565648511972014, 37.13336392858489]","[17.396719476316104, 0.09511403496760562, 1.971894063804688]"
2,1,1569758267.6446626,"[55.55126552217588, 37.09190121892938]","[4.999399655590235, 1.2518681830529577, 0.6955079820144865]"
3,1,1569758267.6446626,"[55.60290740596958, 37.240772383002685]","[10.655286744908503, 0.9501909153844366, 1.5332799256097087]"
4,1,1569758267.6446626,"[55.63665932051087, 37.33807105683993]","[6.817956743900584, 1.9736760016724024, 1.3505630832978575]"
5,1,1569758267.6446626,"[55.573057231022226, 37.15472148853955]","[8.284332376051626, 0.3322583622906956, 1.9113054155215858]"
2,1,1569758267.6446626,"[55.61515648387887, 37.27608353653423]","[17.45590195490701, 1.0192049716465807, 1.0547057218421176]"
2,1,1569758267.6446626,"[55.521732709597416, 37.006765204052456]","[4.895024932489469, 0.6813710041504317, 1.932036804673881]"
4,1,1569758267.6446626,"[55.66227642652958, 37.4119190289318]","[2.961314335963441, 0.27161374732113264, 0.4290647548550779]"
5,1,1569758267.6446626,"[55.53650172824789, 37.049340742299805]","[9.7842365428046, 1.6005742992439702, 1.5022132114187545]"
4,1,1569758267.6446626,"[55.54100413690902, 37.062320106516175]","[9.980463740464318, 0.7674716680444869, 0.8055660395051281]"
5,1,1569758267.6446626,"[55.58477671874568, 37.18850596059153]","[19.665182467065893, 0.21940549777208496, 0.7992734085600199]"
1,1,1569758267.6446626,"[55.57936481006559, 37.17290472597559]","[18.92762004390197, 0.33200610273885056, 1.1968090371327442]"
5,1,1569758267.6456625,"[55.62260768709753, 37.2975635681548]","[4.510926772374488, 1.982436898785549, 0.3605061135630123]"
3,1,1569758267.6456625,"[55.611601309331945, 37.26583482106533]","[9.763903980738577, 1.7552928165823507, 1.4527817454127894]"
3,1,1569758267.6456625,"[55.58960499999129, 37.2024247373054]","[18.99038541260162, 0.5181318595983164, 0.5794337169537032]"
5,1,1569758267.6456625,"[55.56306994451361, 37.125930537100594]","[10.108953670881089, 0.5817794244839605, 0.6208447520031788]"
3,1,1569758267.6456625,"[55.62431349774039, 37.30248101108177]","[13.670171371869353, 1.1150791509928026, 0.07979512656773236]"
5,1,1569758267.6456625,"[55.531723301605936, 37.03556568445438]","[15.94802190383434, 0.2232850552658392, 0.7681254146379111]"
4,1,1569758267.6456625,"[55.54159458280412, 37.06402222040688]","[5.159603058483341, 0.42843642767946477, 0.7992910400384226]"
3,1,1569758267.6456625,"[55.65864195985084, 37.401441733266]","[6.987053191291288, 1.3502963089678524, 1.4609060325057341]"
1,1,1569758267.6456625,"[55.61556687305367, 37.277266590088246]","[12.966497834339602, 1.642611962864992, 1.5793684009297322]"
4,1,1569758267.6456625,"[55.656220240843346, 37.394460498244214]","[6.063994569280227, 1.351864631810653, 0.37257990911714045]"
5,1,1569758267.6456625,"[55.58714013422504, 37.1953191205266]","[8.99219303218046, 1.8104553688735274, 1.9882510772148594]"
5,1,1569758267.6456625,"[55.53019932225111, 37.031172417516295]","[8.686681616885092, 1.604207034377704, 1.3759847136522445]"
1,1,1569758267.6456625,"[55.618443553232495, 37.28555936903847]","[14.329372632492522, 1.8503556877354874, 0.9773835568645644]"
2,1,1569758267.6456625,"[55.65086518279453, 37.379023150362364]","[10.971359655714224, 0.8677762433872445, 1.40071857657285]"
3,1,1569758267.6456625,"[55.55648883044203, 37.10695876378834]","[9.885870913220314, 0.7283715663759294, 0.19561537888335945]"
3,1,1569758267.6456625,"[55.57176402458294, 37.15099348456556]","[10.879809092181201, 0.2037236824744031, 1.414788369328598]"
1,1,1569758267.6456625,"[55.65460672586402, 37.389809121581465]","[14.051354334772764, 1.3983550781072709, 1.6318752468898545]"
3,1,1569758267.6456625,"[55.636536014858144, 37.3377155962184]","[19.8304299577348, 1.2080046859139955, 0.6936655941281265]"
3,1,1569758267.6466625,"[55.62526664818255, 37.30522871518248]","[17.54614277620057, 1.8730655572837962, 0.8183488335534015]"
4,1,1569758267.6466625,"[55.55857485153118, 37.112972262232745]","[14.10257736073083, 1.030544798382957, 1.5358510100213856]"
5,1,1569758267.6466625,"[55.62455027282278, 37.303163576850636]","[4.977561775688981, 0.2656140737619588, 0.10731507436153742]"
3,1,1569758267.6466625,"[55.55761491364942, 37.11020499157105]","[4.825452493063603, 0.0391278240820474, 0.96333259651157]"
2,1,1569758267.6466625,"[55.59867067337288, 37.22855889915612]","[13.25525064878846, 0.36538357351594986, 1.8427858992642085]"
2,1,1569758267.6466625,"[55.61778165407517, 37.28365127253308]","[14.924462336798495, 1.5565627574639118, 0.03905792400121477]"
4,1,1569758267.6466625,"[55.61870750589313, 37.28632028124744]","[8.18044999201042, 1.7901049518101801, 0.15262153715513338]"
4,1,1569758267.6466625,"[55.64661774426676, 37.36677880388554]","[5.540528349648078, 1.6795077003407208, 0.6058985195641293]"
4,1,1569758267.6466625,"[55.55492180256516, 37.10244139829098]","[16.762085654675204, 0.5258092867571726, 0.17996440029085337]"
3,1,1569758267.6466625,"[55.526903075100975, 37.021670127625654]","[7.00951589470227, 1.2640416872448053, 0.32367177035444517]"
1,1,1569758267.6466625,"[55.52604042076431, 37.01918330209262]","[7.815954361238708, 1.4647132033581245, 1.6948967168396916]"
2,1,1569758267.6466625,"[55.59394806155701, 37.214944742064894]","[0.47039751144442477, 1.8994477709255448, 0.9551845468142768]"
3,1,1569758267.6466625,"[55.578715363927884, 37.17103252853905]","[9.954984395287882, 1.8444013517487452, 0.6829641594764013]"
3,1,1569758267.6466625,"[55.55122017812163, 37.091770502898314]","[18.628281324820353, 1.318970835654191, 1.543429627366557]"
2,1,1569758267.6466625,"[55.62714726979218, 37.310650096192965]","[4.802958629880556, 0.466100796188746, 0.052230388517784165]"
1,1,1569758267.6466625,"[55.527969829429864, 37.02474532448358]","[0.35074924093269955, 1.8006237868963555, 0.8916698237657565]"
2,1,1569758267.6466625,"[55.57599532188157, 37.163191299751865]","[16.231278476334314, 1.112190214327939, 0.010259872839024853]"
4,1,1569758267.6476624,"[55.66322541259761, 37.414654728140974]","[1.94380849243607, 0.2600801179143313, 0.7157681885376956]"
2,1,1569758267.6476624,"[55.63138603335271, 37.322869434822586]","[7.644293187956903, 1.8782924171284907, 1.2683044610101024]"
4,1,1569758267.6476624,"[55.54885140585312, 37.0849419006228]","[10.720617599039654, 1.8746132755288913, 0.6745173991472311]"
5,1,1569758267.6476624,"[55.64212387934009, 37.353824069207725]","[17.565037211225125, 0.8810006826191228, 0.4399381857317439]"
4,1,1569758267.6476624,"[55.55244642614227, 37.09530548181103]","[10.913559814100413, 1.9944512638545473, 1.913873149287468]"
1,1,1569758267.6476624,"[55.604397933308604, 37.24506921580188]","[17.261155619583977, 1.2744745259121475, 0.2762787629245811]"
3,1,1569758267.6476624,"[55.52816972609761, 37.02532157862893]","[12.685130772328563, 0.31395739524766597, 1.6787508760459595]"
4,1,1569758267.6476624,"[55.65716390222957, 37.39718084767338]","[9.518575544921246, 0.6222772727744494, 1.282977764313237]"
3,1,1569758267.6476624,"[55.63219545073539, 37.325202790986914]","[2.860645880985453, 1.1989576182486243, 0.128386206997527]"
3,1,1569758267.6476624,"[55.64109659753692, 37.35086266217429]","[6.160752769519917, 0.3983486976245716, 1.3840199436100364]"
1,1,1569758267.6476624,"[55.630223885481676, 37.319519241264175]","[12.065501607641373, 1.4037187439133678, 1.390249217285539]"
1,1,1569758267.6476624,"[55.632161958380635, 37.32510624056294]","[4.479522462345233, 1.1538779029919368, 1.996409963315225]"
5,1,1569758267.6476624,"[55.597252013335435, 37.22446924254958]","[10.894475635567847, 1.4503942149006448, 0.3780016755665552]"
1,1,1569758267.6476624,"[55.57924153453035, 37.17254935217667]","[13.410496711257615, 0.5870063667858394, 1.3418879615660468]"
3,1,1569758267.6476624,"[55.55872747229865, 37.113412231297026]","[9.77401485118833, 1.5177255972036727, 1.884742285517849]"
2,1,1569758267.6476624,"[55.59478882192152, 37.21736845252987]","[0.8121145929710649, 1.8340598076598875, 1.6951157990446122]"
3,1,1569758267.6476624,"[55.55371133136591, 37.09895190016961]","[7.482654977950823, 0.9436280901710206, 1.4989021676337064]"
5,1,1569758267.6476624,"[55.530544824747835, 37.03216841834181]","[4.563889200019013, 0.6621570763442333, 1.4903910940560654]"
3,1,1569758267.6486626,"[55.62387946953027, 37.30122981185901]","[14.1838437886197, 0.7614475202738387, 0.42486282371931083]"
2,1,1569758267.6486626,"[55.60152364345369, 37.23678332758308]","[18.517756423675678, 0.6356425821785792, 0.40296408879687373]"
3,1,1569758267.6486626,"[55.617384432557515, 37.282506178174806]","[6.434933712263142, 0.4697610599056037, 0.11153729605188367]"
5,1,1569758267.6486626,"[55.58048988954417, 37.17614806025091]","[11.010955672898257, 0.9332557450745635, 0.10505003586265715]"
2,1,1569758267.6486626,"[55.604691238202385, 37.2459147434587]","[19.64396489858475, 0.2056248390803237, 1.4390472382289838]"
5,1,1569758267.6486626,"[55.636707213935864, 37.33820912209512]","[18.943202024301087, 1.0857258178883704, 0.20126456651556257]"
2,1,1569758267.6486626,"[55.54106644045443, 37.06249971269274]","[19.97070648116578, 0.5770010537480237, 1.6300745559734229]"
5,1,1569758267.6486626,"[55.57971601075518, 37.173917153325085]","[12.240619376982702, 0.15084488017219577, 1.6358442341085602]"
1,1,1569758267.6486626,"[55.625108500206856, 37.304772812501774]","[10.652648207293154, 0.12354987761714642, 0.6054919749029992]"
4,1,1569758267.6486626,"[55.65107655923589, 37.3796324979441]","[11.789057833263765, 0.18460764638974836, 0.5082938907677534]"
5,Kazan,1569758268.0747223,"[55.611727205623296, 49.29244136171506]","[7.315001306072617, 0.31333106937999133, 1.9323177004887313]"
3,Kazan,1569758268.0747223,"[55.61544764136739, 49.2818915216515]","[5.078485660918797, 0.9165430482932366, 1.7446221944131535]"
2,Kazan,1569758268.0747223,"[55.615501846946444, 49.28173781381129]","[18.12413335876746, 0.19902242342286014, 0.8593202458173992]"
4,Kazan,1569758268.0747223,"[55.610221430591324, 49.29671120720891]","[13.566275968083657, 0.12197026084010076, 0.3897584291427245]"
5,Kazan,1569758268.0747223,"[55.616968344338716, 49.27757934582671]","[14.876277437914702, 0.4461245813760486, 0.9978418395108002]"
5,Kazan,1569758268.0747223,"[55.609034318009755, 49.3000774386739]","[16.439940401128737, 1.101729263482185, 1.1630010501689034]"
4,Kazan,1569758268.0747223,"[55.617389464139784, 49.27638519898527]","[13.3282728046979, 1.5531785675545986, 1.562469022457929]"
1,Kazan,1569758268.0747223,"[55.611204593705814, 49.293923304299426]","[19.443879310466578, 1.2136688004094016, 0.046199951538767436]"
1,Kazan,1569758268.0747223,"[55.61305080170833, 49.28868811129416]","[12.514242623873205, 1.6079374884992945, 0.7235396258898545]"
2,Kazan,1569758268.0747223,"[55.61699452514522, 49.27750510632745]","[3.912001512220822, 1.0318110759976895, 1.8219511210623567]"
2,Kazan,1569758268.075717,"[55.613004281298046, 49.288820026725084]","[15.848496473220617, 0.9742460885550743, 1.311146763822314]"
2,Kazan,1569758268.075717,"[55.620293114116265, 49.268151474541234]","[15.005124964754097, 1.0881865262435397e-05, 1.9709487815334492]"
1,Kazan,1569758268.075717,"[55.617885214763234, 49.27497942554101]","[10.99624798811763, 1.8690241973901127, 1.2076959338871145]"
5,Kazan,1569758268.075717,"[55.62257466003672, 49.261681817169205]","[5.599644569199258, 0.5291841894651157, 1.908903373449346]"
3,Kazan,1569758268.075717,"[55.61864773624174, 49.272817184283475]","[11.745500624420686, 0.8545279035779467, 1.4932021171777736]"
1,Kazan,1569758268.075717,"[55.620015513993465, 49.26893865031066]","[11.822167348483138, 1.084552891886482, 1.6329666628108606]"
5,Kazan,1569758268.075717,"[55.621233279717, 49.26548549735741]","[10.087373432743652, 0.8663028123642715, 1.998364449339592]"
2,Kazan,1569758268.075717,"[55.61797644907925, 49.27472071729032]","[1.0443205608825878, 1.9949975100645723, 1.3083231431877835]"
4,Kazan,1569758268.075717,"[55.61285038705336, 49.28925641637873]","[11.926923081000705, 1.6584589967371348, 1.3190968712915832]"
4,Kazan,1569758268.075717,"[55.6164141930071, 49.27915072303918]","[11.05967150706543, 0.38894005575301827, 0.858533892160058]"
3,Kazan,1569758268.075717,"[55.619829628499396, 49.26946575582985]","[1.6346254288836715, 0.6458220387851463, 0.10421037130010213]"
2,Kazan,1569758268.076717,"[55.6141817278549, 49.285481204688146]","[5.576175698640348, 0.842912900677006, 0.25184307626503655]"
5,Kazan,1569758268.076717,"[55.61276798653732, 49.28949007511426]","[5.278891432221244, 1.7611971665468373, 0.9769034354812143]"
1,Kazan,1569758268.076717,"[55.61170832396234, 49.292494903434296]","[0.9570363041807561, 0.1141162064647272, 1.5284983463742678]"
1,Kazan,1569758268.076717,"[55.61972849774351, 49.26975252687754]","[1.2946640859612901, 0.8924538480441309, 1.6215902206631738]"
4,Kazan,1569758268.076717,"[55.619965281004774, 49.269081093294936]","[6.321718244264025, 1.162097731772927, 0.4152189826685462]"
5,Kazan,1569758268.076717,"[55.61721983635739, 49.27686620340654]","[15.269285762493002, 1.4399471534118613, 0.20947405790258378]"
3,Kazan,1569758268.076717,"[55.610072383436616, 49.297133852215964]","[10.28891755462938, 0.08037495899065372, 1.733741681142255]"
2,Kazan,1569758268.076717,"[55.61578037155398, 49.2809480165251]","[17.998807121412135, 0.1278208017815865, 1.3469163486917497]"
3,Kazan,1569758268.076717,"[55.609844568551544, 49.29777985467366]","[16.220254770720047, 1.2474642851844016, 0.9732656843719885]"
3,Kazan,1569758268.076717,"[55.621421725355084, 49.2649511321868]","[1.7461850849881033, 0.529087003614336, 0.1193562538017996]"
4,Kazan,1569758268.076717,"[55.61260163660799, 49.289961784685495]","[11.622005186744017, 0.6251680728364095, 1.0733913022305124]"
5,Kazan,1569758268.076717,"[55.62245297933327, 49.262026860590005]","[15.542428762557245, 1.3902425378143095, 1.0880540973662784]"
2,Kazan,1569758268.0777166,"[55.612839813797464, 49.28928639840496]","[16.956864169380232, 1.5843769553973326, 1.155696361145878]"
2,Kazan,1569758268.0777166,"[55.61232140756069, 49.29075641517198]","[7.788702065917928, 1.8911749597579635, 1.9212958490489118]"
4,Kazan,1569758268.0777166,"[55.61992250297999, 49.269202396630206]","[5.1132956152130244, 0.03706781765642364, 0.0022405355239016878]"
1,Kazan,1569758268.0777166,"[55.6151870209981, 49.28263054885471]","[10.558957264189841, 0.23976645768701332, 1.5455707559925693]"
1,Kazan,1569758268.0777166,"[55.61708170080664, 49.27725790698098]","[2.4196878986881654, 0.2886594546090868, 0.9204120555823805]"
4,Kazan,1569758268.0777166,"[55.618647177387, 49.27281876902754]","[11.608874199423573, 1.7949728102358296, 0.6748147960149837]"
3,Kazan,1569758268.0777166,"[55.61691782923314, 49.27772258880752]","[12.541307770970711, 1.366924123396142, 0.4327843269837752]"
4,Kazan,1569758268.0777166,"[55.61951862962703, 49.27034763863768]","[16.63610334816934, 0.8258440630112274, 0.8090801890272525]"
3,Kazan,1569758268.0777166,"[55.614138996218955, 49.28560237651669]","[12.309903042746777, 1.2027162189117249, 0.7306371042621329]"
3,Kazan,1569758268.0777166,"[55.621527114966135, 49.264652284529525]","[13.723603295138613, 0.7546937554788595, 0.2506191400843345]"
2,Kazan,1569758268.0777166,"[55.62262287377857, 49.26154510002912]","[19.08702131177947, 0.6748261560741018, 1.1094703651341373]"
5,Kazan,1569758268.0777166,"[55.62066212399804, 49.26710509300605]","[0.3047501779224948, 0.29239013135631575, 1.8331296421450212]"
1,Kazan,1569758268.078717,"[55.618247257712014, 49.273952799774875]","[6.344349413093084, 1.9294756448001837, 0.5266718828773382]"
5,Kazan,1569758268.078717,"[55.6196724696913, 49.269911402627464]","[0.05171967231824226, 0.734036307457212, 0.008327215546067634]"
4,Kazan,1569758268.078717,"[55.6163802814721, 49.27924688414786]","[18.539849073253915, 1.3593446393527517, 1.9158403727820272]"
1,Kazan,1569758268.078717,"[55.61651334165167, 49.2788695725342]","[19.812682496665804, 0.2506349322551318, 0.6713471332094585]"
1,Kazan,1569758268.078717,"[55.612846516859086, 49.28926739089473]","[14.200368218385435, 1.207725218759967, 0.41911643865893367]"
1,Kazan,1569758268.078717,"[55.613459776786385, 49.287528402618555]","[10.346135393509863, 0.5607184361555948, 1.5005636502913353]"
1,Kazan,1569758268.078717,"[55.61772811157445, 49.27542491462667]","[19.48949427017929, 1.614387789206749, 1.2501525612995132]"
2,Kazan,1569758268.078717,"[55.61820419954056, 49.27407489753246]","[19.667795314867384, 1.361693418446585, 0.5320783051852833]"
5,Kazan,1569758268.078717,"[55.61994737397386, 49.269131871290746]","[19.303546063683676, 1.9270277632963855, 1.9912818015016887]"
1,Kazan,1569758268.078717,"[55.61225966652269, 49.29093149091585]","[11.123938253067276, 1.6488324008801771, 1.1647385689377983]"
1,Kazan,1569758268.078717,"[55.609318804830224, 49.29927073465326]","[18.819296479392413, 0.2841784224351025, 1.997212405970269]"
2,Kazan,1569758268.0797172,"[55.62141020391627, 49.26498380290876]","[17.35420860085894, 1.160726288865029, 1.0731470981451163]"
5,Kazan,1569758268.0797172,"[55.61790120893846, 49.274934071740844]","[13.692871382972612, 0.5700656662767325, 0.5033089539694968]"
2,Kazan,1569758268.0797172,"[55.62144676333486, 49.264880133327054]","[0.0007667052834525734, 1.932342993004732, 0.05113121745967364]"
2,Kazan,1569758268.0797172,"[55.617217685205866, 49.27687230330005]","[12.100494300979047, 1.7628818790077883, 0.3772161036876571]"
1,Kazan,1569758268.0797172,"[55.618418018717044, 49.27346858194447]","[15.437609065807461, 1.2272973371505032, 1.8981735790975325]"
3,Kazan,1569758268.0797172,"[55.610767874243805, 49.295161686252946]","[17.88633406007336, 1.5966781592293111, 0.4203990736570211]"
5,Kazan,1569758268.0797172,"[55.62177011758098, 49.26396321504697]","[17.271403521209752, 1.0066729275382666, 1.837103480963936]"
4,Kazan,1569758268.0797172,"[55.61810997952363, 49.27434207218892]","[10.256792832247687, 1.5954377552059447, 0.05080867075443729]"
3,Kazan,1569758268.0797172,"[55.609506359682925, 49.29873889540477]","[4.748459851375113, 1.2312590978774007, 1.4902423787064052]"
4,Kazan,1569758268.0797172,"[55.61925790105872, 49.27108697264719]","[18.967310117716444, 1.530859595836595, 1.9100855776219978]"
2,Kazan,1569758268.0797172,"[55.61647983963099, 49.27896457241132]","[6.3222800470771645, 1.9725989237370936, 0.4304993711826208]"
3,Kazan,1569758268.0807168,"[55.62256281362558, 49.26171540939926]","[6.071406518361875, 0.2673820121887134, 1.8860011460049944]"
2,Kazan,1569758268.0807168,"[55.61531191825886, 49.2822763844098]","[19.553742028963924, 0.44715876293311885, 0.6208582747440987]"
3,Kazan,1569758268.0807168,"[55.62205518373964, 49.26315486823351]","[2.750548287042074, 0.8614403972233748, 1.4718725142830482]"
4,Kazan,1569758268.0807168,"[55.61720266944366, 49.276914882708894]","[15.041448938136392, 0.8589173296378008, 0.6642291726077207]"
4,Kazan,1569758268.0807168,"[55.60951485632812, 49.29871480193225]","[13.794497073151511, 0.8337614710596475, 0.3242455327432161]"
3,Kazan,1569758268.0807168,"[55.61393990934719, 49.286166916472595]","[3.166848266781981, 1.6742767305224433, 0.30180389124355456]"
1,Kazan,1569758268.0807168,"[55.61192563293969, 49.29187869200575]","[18.490463593266576, 0.6677934291575167, 1.5621580118151406]"
1,Kazan,1569758268.0807168,"[55.60954949222288, 49.29861658678793]","[3.9316659821545508, 1.7058330148052123, 0.1096558726037733]"
4,Kazan,1569758268.0807168,"[55.61221692202604, 49.291052699201074]","[2.714556535080508, 1.27483889027597, 1.8305739504245118]"
4,Kazan,1569758268.0807168,"[55.617559648514174, 49.27590261629114]","[5.804571813685779, 0.20699112428468847, 1.4764724317159035]"
2,Kazan,1569758268.0807168,"[55.620098888211956, 49.26870223051067]","[11.173161397942202, 1.632198265589282, 0.12397127225086568]"
1,Kazan,1569758268.0807168,"[55.61090960130478, 49.29475979842017]","[5.253480578883645, 0.28525989241071015, 0.5968979186831165]"
2,Kazan,1569758268.0817165,"[55.611613636896, 49.29276340248035]","[9.638367297610618, 0.7054059748783061, 0.33867392606741253]"
5,Kazan,1569758268.0817165,"[55.61254643610456, 49.29011831378532]","[18.919085237589762, 0.8760810035374291, 0.4174396343459177]"
4,Kazan,1569758268.0817165,"[55.61971090272361, 49.26980242014228]","[10.64851396389261, 1.740404770955783, 1.1262562682524841]"
5,Kazan,1569758268.0817165,"[55.61698622861224, 49.27752863235089]","[13.620561180692551, 1.4324694673344627, 0.8124457106297227]"
3,Kazan,1569758268.0817165,"[55.61811715683832, 49.2743217198503]","[12.251909065384153, 1.0998258945878132, 1.4620419333786996]"
3,Kazan,1569758268.0817165,"[55.61496068349077, 49.283272361998485]","[9.339251174271638, 1.5217759696004498, 0.010197831114175271]"
3,Kazan,1569758268.0817165,"[55.612887254874735, 49.289151872285345]","[16.257893709434917, 1.7496255492635695, 1.8703368461891379]"
3,Kazan,1569758268.0817165,"[55.620910372365415, 49.266401148431704]","[17.126170392527793, 0.09208692519856965, 1.171658098873007]"
5,Kazan,1569758268.0817165,"[55.621254097763604, 49.26542646474412]","[13.196012273941367, 0.2766810170766252, 1.529169192494791]"
1,Kazan,1569758268.0817165,"[55.61129788993368, 49.29365874917352]","[14.624421636285307, 0.20480471964074343, 0.4896454844123066]"
2,Kazan,1569758268.0817165,"[55.61129063748957, 49.29367931454983]","[7.933700621233735, 1.4250012264692555, 0.09897948309637106]"
2,Kazan,1569758268.0817165,"[55.62143228497769, 49.26492118882771]","[6.006574790556522, 0.004368693144948699, 1.048151304670597]"
4,Kazan,1569758268.0827167,"[55.60940074717283, 49.299038375127225]","[2.77772194737145, 0.6043556161924593, 1.0427829730826732]"
3,Kazan,1569758268.0827167,"[55.61865849204278, 49.272786684655756]","[7.397923710682632, 0.7131856259767615, 1.1214509520368376]"
5,Kazan,1569758268.0827167,"[55.6190867917352, 49.27157217820358]","[13.894641404048505, 0.07936602279049798, 1.0822111458628998]"
1,Kazan,1569758268.0827167,"[55.62064061794148, 49.26716607656397]","[1.4237162768455702, 0.07734464052205547, 0.8186395419595613]"
4,Kazan,1569758268.0827167,"[55.6198439937555, 49.269425021039005]","[7.7209054976581655, 1.8662140857961065, 0.40451137927272907]"
5,Kazan,1569758268.0827167,"[55.611676400545875, 49.29258542695725]","[17.645739607514336, 1.2162253010047896, 1.6994093023339454]"
5,Kazan,1569758268.0827167,"[55.621531871077416, 49.26463879786677]","[11.975722493492045, 1.4253726182550757, 0.8111188698096996]"
5,Kazan,1569758268.0827167,"[55.61133987416337, 49.293539696765556]","[2.918710140232299, 1.3059548188351178, 0.895208123003443]"
1,Kazan,1569758268.0827167,"[55.61416913892233, 49.285516902467315]","[19.920234943740024, 1.850322109414001, 0.5570628595401612]"
2,Kazan,1569758268.587739,"[55.63754272890837, 49.246035187255124]","[17.512347645258917, 1.3418217095808438, 0.03097883067158702]"
2,Kazan,1569758268.587739,"[55.65054203500275, 49.23339371557441]","[17.686778644611543, 0.8127093407968717, 1.0857684920452]"
5,Kazan,1569758268.587739,"[55.67534116908502, 49.20927723205887]","[7.3387124289148815, 0.6847028695495516, 0.3600063136072542]"
4,Kazan,1569758268.587739,"[55.691481028018714, 49.193581658148695]","[18.241276033825912, 1.4678735035485844, 0.7886372824037975]"
1,Kazan,1569758268.587739,"[55.67744922214479, 49.20722720778554]","[19.240864854085014, 1.5698664559893618, 1.5193594129531034]"
3,Kazan,1569758268.587739,"[55.67914447771316, 49.205578617846776]","[1.6991179053471028, 1.7577028891645872, 0.48712925695166054]"
3,Kazan,1569758268.587739,"[55.679751146053434, 49.204988649382614]","[8.33710921756369, 1.9075839490140252, 1.7615282356354127]"
3,Kazan,1569758268.587739,"[55.62977548580736, 49.25358861994996]","[2.609704752249342, 1.9840895624823425, 1.8912795417755583]"
5,Kazan,1569758268.587739,"[55.68066146825238, 49.20410338579615]","[4.247712524910439, 0.11047115696205867, 0.6183758707603142]"
5,Kazan,1569758268.587739,"[55.64419293849302, 49.23956803927587]","[13.413058716529276, 0.2001894293770332, 1.2787942862198576]"
3,Kazan,1569758268.587739,"[55.629704351379935, 49.25365779624888]","[14.456284627930822, 0.2819194851968303, 0.6719021242383509]"
5,Kazan,1569758268.587739,"[55.66364864147718, 49.220647897197225]","[8.031369916986487, 1.267057272803206, 0.2761323893839296]"
2,Kazan,1569758268.587739,"[55.63564554097494, 49.24788015093039]","[14.141766238454567, 0.6022518045069245, 1.4559662477748962]"
4,Kazan,1569758268.587739,"[55.650465522146376, 49.233468122246116]","[15.557910378766827, 1.0603171565467748, 1.5202314999080349]"
1,Kazan,1569758268.587739,"[55.65175134192368, 49.232217697480024]","[5.243876357393356, 1.7792047711763186, 1.7875758498092646]"
3,Kazan,1569758268.587739,"[55.66048857212276, 49.22372097870804]","[15.397915771334063, 1.4605518684649859, 1.5765581477783972]"
2,Kazan,1569758268.587739,"[55.668056369718215, 49.21636150134459]","[3.8563763216312053, 1.8373276520222668, 1.8566947832463123]"
5,Kazan,1569758268.587739,"[55.674279704286896, 49.21030947771225]","[6.743938642736982, 1.3642234581594415, 0.49964018418644707]"
3,Kazan,1569758268.587739,"[55.637097662495606, 49.24646800223691]","[16.653192978711814, 0.7010165409824505, 0.07005288854778002]"
3,Kazan,1569758268.588739,"[55.667363866839395, 49.21703494156387]","[2.301891557873803, 0.6695352075219136, 1.2260416880681324]"
5,Kazan,1569758268.588739,"[55.656751812198834, 49.227354876119726]","[11.953554918512559, 0.08475047548289982, 0.6172569470784073]"
2,Kazan,1569758268.588739,"[55.6558575003419, 49.22822457008024]","[14.035687821743947, 0.14551182670889595, 0.8487179275973873]"
4,Kazan,1569758268.588739,"[55.66610907221588, 49.21825519521175]","[5.0722246678344485, 0.9646522097322392, 1.6216608990807198]"
5,Kazan,1569758268.588739,"[55.68635603382815, 49.19856557562873]","[0.8867276646653943, 0.3412992012945446, 1.2972993945850284]"
3,Kazan,1569758268.588739,"[55.641250050385544, 49.242429917933634]","[10.132862768598233, 0.9574954383916707, 0.2379092113667931]"
5,Kazan,1569758268.588739,"[55.632954519269546, 49.25049709635984]","[13.882736017086375, 1.0423699817180168, 0.7646051385416399]"
1,Kazan,1569758268.588739,"[55.65441406511074, 49.2296282715927]","[9.861326227069853, 0.20259775567766947, 0.26801663992414726]"
3,Kazan,1569758268.588739,"[55.68958713709328, 49.195423415568236]","[16.896621383150215, 0.10815258686634133, 0.8700966789724445]"
3,Kazan,1569758268.588739,"[55.67040928380166, 49.21407335638037]","[10.654454794916708, 0.46069936443357706, 1.0359290912514214]"
3,Kazan,1569758268.588739,"[55.688672129741214, 49.196313235340625]","[15.801748304494511, 1.8606179540701935, 1.6648769214411945]"
4,Kazan,1569758268.588739,"[55.66757262475917, 49.21683193015828]","[12.956922267840184, 1.6983058280659258, 1.3032108189050657]"
3,Kazan,1569758268.588739,"[55.6847108824897, 49.20016544056611]","[14.914968206895566, 1.0289232111814473, 0.46118516678604093]"
2,Kazan,1569758268.588739,"[55.634718476405126, 49.24878169600873]","[11.485914073012784, 0.6048107183322875, 0.06630205640807185]"
4,Kazan,1569758268.588739,"[55.62347710056668, 49.25971362832268]","[19.90481160432767, 1.4544597365874186, 0.5710998438245238]"
5,Kazan,1569758268.588739,"[55.68288848262841, 49.201937674878394]","[15.157686436037865, 0.24433896905963381, 1.1346278672128358]"
2,Kazan,1569758268.588739,"[55.64782544023809, 49.236035530110904]","[14.932065797596268, 0.8696459428231833, 1.0918758645883422]"
2,Kazan,1569758268.588739,"[55.62715496805778, 49.25613700220127]","[17.222535309719362, 0.7310080110163066, 0.5145068070819008]"
5,Kazan,1569758268.588739,"[55.6838115639199, 49.201040003423074]","[2.752111966453148, 0.748359975572285, 1.352049625901651]"
3,Kazan,1569758268.588739,"[55.66470680635836, 49.21961886062235]","[8.532367781031873, 0.8169683471177851, 0.9849307759856953]"
4,Kazan,1569758268.588739,"[55.65170839820475, 49.23225945907603]","[0.9612543865169187, 1.1868305406675181, 0.825848693701746]"
2,Kazan,1569758268.589739,"[55.64485201929619, 49.238927101119366]","[11.12299833188488, 1.4257877120495512, 1.3126867190675802]"
5,Kazan,1569758268.589739,"[55.625558885780585, 49.257689148814016]","[13.08064577257256, 0.5186322771018768, 0.3099908209299851]"
2,Kazan,1569758268.589739,"[55.65537782090025, 49.22869104529606]","[2.9162095240150787, 1.4191316825132034, 0.49539701950985715]"
3,Kazan,1569758268.589739,"[55.63941085380503, 49.244218486592686]","[16.267519776567983, 0.6771117880745479, 1.240439545205045]"
4,Kazan,1569758268.589739,"[55.63546735805658, 49.24805342896899]","[19.062625387846527, 1.4339418455689958, 0.3238317700430957]"
5,Kazan,1569758268.589739,"[55.628284030070915, 49.25503902009774]","[19.756595170073787, 1.665374006218378, 0.8764956054864734]"
3,Kazan,1569758268.589739,"[55.68685466315816, 49.19808067216399]","[18.487362885594596, 0.13916352909731833, 1.7604894914555]"
4,Kazan,1569758268.589739,"[55.66278883882993, 49.221484031891464]","[15.134698458951888, 0.6606692865480837, 1.2263170751647394]"
2,Kazan,1569758268.589739,"[55.68473556365452, 49.200141438809666]","[1.7521733606726975, 0.05527061672461775, 1.1474713964759553]"
4,Kazan,1569758268.589739,"[55.65500038861811, 49.22905808792277]","[15.293991074419122, 0.7816484679505018, 1.1756592075751853]"
5,Kazan,1569758268.589739,"[55.654167320213155, 49.22986822429217]","[14.489254927379893, 1.601332610561555, 1.8485866398765574]"
2,Kazan,1569758268.589739,"[55.63880773126298, 49.244805006864986]","[2.765724478310796, 0.47082994213897456, 1.0404100781940406]"
5,Kazan,1569758268.589739,"[55.635174982039864, 49.248337756693196]","[7.191328667966365, 0.9232251650907182, 1.7473346209058251]"
2,Kazan,1569758268.589739,"[55.6325690269782, 49.25087197712929]","[2.730447238645557, 0.17599298371222738, 1.1545267478457608]"
4,Kazan,1569758268.589739,"[55.67376719017935, 49.21080788374374]","[15.640411696336693, 1.421749597930199, 0.8609896317134307]"
2,Kazan,1569758268.589739,"[55.64372572945415, 49.24002238735924]","[2.8499310182908277, 0.09428699518050232, 1.189984604485934]"
1,Kazan,1569758268.589739,"[55.626510408699545, 49.25676381864871]","[7.7612934082276475, 1.9205940939425767, 0.4840997758695782]"
1,Kazan,1569758268.589739,"[55.68311317332673, 49.20171916928413]","[4.540373994458859, 1.4948166904012823, 1.1243682458481319]"
2,Kazan,1569758268.589739,"[55.638579846697596, 49.24502661840674]","[6.697385232900556, 0.25394704177390626, 1.6119254861217456]"
3,Kazan,1569758268.5907393,"[55.65293842901738, 49.23106328756176]","[7.251730154616105, 1.8973652569899624, 0.35325403573980774]"
2,Kazan,1569758268.5907393,"[55.63283422760776, 49.25061407672916]","[8.303602551962763, 1.652778688637101, 1.6408106848842292]"
5,Kazan,1569758268.5907393,"[55.63125260034956, 49.25215216622741]","[6.263822818843378, 1.500444921057591, 0.41308109866669795]"
2,Kazan,1569758268.5907393,"[55.636699692343406, 49.24685501738707]","[1.4071737796241157, 0.5668543165717483, 0.36161579135371036]"
3,Kazan,1569758268.5907393,"[55.68255779718881, 49.202259257471]","[13.739564059099493, 0.6511817079139082, 0.2736846271333311]"
4,Kazan,1569758268.5907393,"[55.63002266964648, 49.25334824038816]","[4.545272164032596, 0.2493838351330646, 0.2201970636798638]"
1,Kazan,1569758268.5907393,"[55.66424453799929, 49.2200684040345]","[13.469707388881353, 0.7624059981658957, 0.8692844264213779]"
1,Kazan,1569758268.5907393,"[55.688024529452, 49.19694300901108]","[4.458182365886014, 0.061137065866179174, 0.8111666158525004]"
1,Kazan,1569758268.5907393,"[55.63307885517781, 49.25037618306898]","[17.63320014372011, 0.8661879047983227, 0.8759652841981558]"
3,Kazan,1569758268.5907393,"[55.64623844391772, 49.23757884087381]","[14.947237814840618, 1.3817797919920352, 1.3484965441999182]"
2,Kazan,1569758268.5907393,"[55.67117776632203, 49.21332602802668]","[6.057283154095268, 0.23888108362562632, 1.1068292090780478]"
3,Kazan,1569758268.5907393,"[55.65308127184718, 49.230924376795336]","[1.0837550237177296, 0.261249090135103, 0.11196356857739653]"
1,Kazan,1569758268.5907393,"[55.672628839386654, 49.21191489893018]","[0.42488313595486993, 0.8604917786826354, 1.3797200822750364]"
2,Kazan,1569758268.5907393,"[55.64186264692267, 49.24183418446022]","[14.980724960014866, 1.1114731702454361, 1.6808875726651487]"
1,Kazan,1569758268.5907393,"[55.638395266044064, 49.24520611807501]","[2.136071967572022, 0.2494453723465162, 1.3797043363964572]"
2,Kazan,1569758268.5907393,"[55.635739127457754, 49.24778914061838]","[3.277479349538459, 1.4598894850826172, 1.4159454300129337]"
1,Kazan,1569758268.5907393,"[55.687405730674676, 49.19754477399086]","[17.262464385015438, 0.7303811147747508, 0.8713800233881905]"
4,Kazan,1569758268.5907393,"[55.658261220776794, 49.225887017320886]","[1.8075406202738775, 0.6098437301063009, 0.2052985353139425]"
4,Kazan,1569758268.5907393,"[55.661176060013716, 49.2230524154315]","[8.940778784411576, 1.7160497355176236, 1.9178243571529592]"
4,Kazan,1569758268.5907393,"[55.63296485197497, 49.25048704808562]","[4.081088057985167, 1.1545383507335218, 1.7664779032143152]"
1,Kazan,1569758268.5907393,"[55.68922391625776, 49.19577663795799]","[17.37067935520892, 1.6513106001982643, 0.3003668713095289]"
3,Kazan,1569758268.5907393,"[55.65369556749653, 49.23032699098308]","[15.674327370245106, 0.7550591560927786, 0.8667769736524757]"
3,Kazan,1569758268.591739,"[55.663140854363164, 49.22114170635625]","[18.163277946922147, 0.04430987193516289, 0.3350420044459508]"
2,Kazan,1569758268.591739,"[55.677765644990934, 49.20691949517181]","[6.956015438528129, 0.9947424861268306, 1.9807222380196545]"
4,Kazan,1569758268.591739,"[55.641088067003054, 49.24258744236981]","[9.707198846618677, 1.7197956095146802, 0.9094659859200724]"
2,Kazan,1569758268.591739,"[55.635139809970696, 49.2483719605795]","[11.764925604013145, 0.13394759478815965, 0.25325103088588063]"
5,Kazan,1569758268.591739,"[55.6293113786005, 49.25403995159093]","[8.011358880131246, 0.7458582043083328, 1.8027055006490404]"
5,Kazan,1569758268.591739,"[55.663934480330944, 49.220369926682686]","[13.87312991950705, 0.30104845661241875, 0.20056392369270215]"
4,Kazan,1569758268.591739,"[55.639522973184974, 49.24410945354504]","[11.365134430103245, 1.0350546585810114, 0.4026722014983468]"
3,Kazan,1569758268.591739,"[55.689360619258366, 49.1956436980078]","[17.54309032324513, 1.246022103731206, 0.12926906162000518]"
5,Kazan,1569758268.591739,"[55.66415675945299, 49.220153766278884]","[0.6660116185010523, 0.6604354928118767, 1.9330114792241613]"
5,Kazan,1569758268.591739,"[55.6726046324401, 49.21193843952862]","[7.878784776059469, 0.7794545824140651, 1.4827282741103103]"
3,Kazan,1569758268.591739,"[55.626803320752394, 49.25647896964355]","[7.184504932079722, 0.09139072301504725, 0.041540368572263064]"
5,Kazan,1569758268.591739,"[55.67006788547476, 49.21440535696767]","[14.41892686920468, 1.459946612253176, 1.0858504336042387]"
4,Kazan,1569758268.591739,"[55.65460943494333, 49.22943827973898]","[3.822700742629608, 0.3949254025197726, 0.882735901964504]"
5,Kazan,1569758268.591739,"[55.67618800315348, 49.208453708956334]","[17.38909159865056, 1.4760498537488442, 0.5949338743865]"
2,Kazan,1569758268.591739,"[55.67123679971981, 49.21326861965266]","[0.16480865059380845, 1.283266582694136, 1.7614505154914075]"
3,Kazan,1569758268.591739,"[55.66514937330435, 49.21918847630638]","[15.666616524758714, 1.7414379231918689, 0.250102666830889]"
2,Kazan,1569758268.591739,"[55.65762230912364, 49.226508341528344]","[19.787724061236048, 0.7391886913757324, 0.992075036561787]"
4,Kazan,1569758268.591739,"[55.68499879595932, 49.199885452549616]","[7.6238690239679, 1.8065246484760613, 0.8015209886627321]"
1,Kazan,1569758268.591739,"[55.66049687782927, 49.223712901636624]","[3.562742716477394, 0.4242104322100304, 0.2603093594571575]"
